date,ret_pct,cause_category,cause_summary,was_scheduled,source_url,source_published,confidence
2017-10-12,12.92,no_clear_catalyst,No clear single catalyst; pre-move coverage cited rumoured Goldman Sachs bitcoin trading and fork confidence.,no,https://dc.fortune.com/2017/10/09/bitcoin-price-october/,2017-10-09,low
2017-11-15,10.36,no_clear_catalyst,No clear catalyst found in coverage for this day.,no,,,low
2017-12-06,16.67,etf_institutional,"Passed $13,000 as expectations grew that CBOE and CME bitcoin futures would bring mainstream investors.",yes,https://www.business-standard.com/amp/article/markets/bitcoin-breaches-13-000-117120601521_1.html,2017-12-06,medium
2017-12-07,21.85,etf_institutional,"Passed $15,000 as traders credited the upcoming CBOE bitcoin futures launch; very volatile session on Coinbase.",yes,https://www.business-standard.com/article/reuters/bitcoin-surges-above-15-000-after-climbing-2-000-in-12-hours-117120701225_1.html,2017-12-07,medium
2018-01-16,-16.32,regulation,Fell on South Korean finance minister's crackdown remarks and Chinese signals against centralized crypto trading.,no,https://www.axios.com/2018/01/16/bitcoin-plunges-china-south-korea,2018-01-16,high
2018-02-05,-16.08,regulation,"Sell-off on regulatory clampdown fears, US and UK bank card-purchase limits and India's stance on virtual currencies.",no,https://www.business-standard.com/amp/article/reuters/bitcoin-slides-below-6-000-half-its-value-lost-in-2018-118020600666_1.html,2018-02-06,medium
2018-04-12,14.16,leverage_liquidation,Sudden rally attributed mainly to a short squeeze and forced short covering; no confirmed news trigger.,no,https://www.cnbc.com/2018/04/12/bitcoin-surges-10-percent-in-sudden-move-to-above-7500.html,2018-04-12,medium
2018-06-10,-9.5,exchange_failure_hack,"Drop during a third day of losses, linked in one report to the Coinrail exchange hack; hack alone seen as unlikely full cause.",no,https://bitcoinist.com/bitcoin-freefall-tumbles-three-month-low-amid-coinrail-hack-saga/amp/,,low
2018-06-22,-9.94,no_clear_catalyst,"Fell below $6,000 to a new 2018 low; CoinDesk attributed the move to technical factors rather than news.",no,https://coindesk.com/markets/2018/06/22/bitcoin-price-falls-to-new-2018-low/amp,2018-06-22,medium
2018-07-17,8.77,no_clear_catalyst,"Jump above $7,000 with no clear news; traders cited ETF hopes and a short squeeze.",no,https://www.fxstreet.com/cryptocurrencies/news/bitcoin-price-analysis-summer-surge-surprise-no-its-a-recurring-pattern-and-it-may-be-only-the-beginning-201807191117,2018-07-19,low
2018-07-24,8.86,no_clear_catalyst,"Move above $8,000 came during a July recovery; no single news trigger was cited.",no,https://nai500.com/blog/2018/07/bitcoin-extends-rally-tops-8000-for-first-time-since-may/,,low
2018-09-05,-9.26,no_clear_catalyst,No clear catalyst found in coverage for this day.,no,,,low
2018-10-11,-5.6,equity_market_risk_off,"Fell with a global equities rout; analysts cited US-China trade tensions, rising Treasury yields and margin-call selling.",no,https://sharecast.com/amp/news/cryptocurrencies/bitcoin-falls-5-crypto-join-massive-selloff--3532784.html,,medium
2018-11-14,-10.62,crypto_specific_news,"Fell below $6,000 ahead of the scheduled Bitcoin Cash hard fork; split uncertainty weighed on the whole market.",yes,https://www.cnbc.com/2018/11/14/bitcoin-plummets-under-6000-to-a-low-of-the-year-after-months-of-stability.html,2018-11-14,medium
2018-11-19,-14.82,crypto_specific_news,Lowest since May 2017 amid the Bitcoin Cash chain split and hash war; analysts blamed the fork fight.,no,https://siliconangle.com/2018/11/19/bitcoin-plunges-19-month-low-bitcoin-cash-chaos-continues-spook-investors/,2018-11-19,medium
2018-11-20,-8.1,crypto_specific_news,"Continued mid-November slide; coverage tied it to the Bitcoin Cash dispute and weak sentiment, with no single trigger.",no,https://fortune.com/2018/11/26/bitcoin-value-slide,2018-11-26,low
2018-11-24,-11.72,no_clear_catalyst,"Fell below $4,000 with few firm causes; reports cited an SEC crackdown on ICOs and falling trading volumes.",no,https://www.theblock.co/post/3950/bitcoin-falls-below-4000-for-the-first-time-since-september-2017,2018-11-24,low
2018-11-28,11.91,no_clear_catalyst,Rebound after two weeks of heavy selling; Reuters reported no specific news trigger.,no,https://www.business-standard.com/amp/article/reuters/bitcoin-gains-6-percent-as-it-heads-for-best-day-since-july-118112800524_1.html,2018-11-28,medium
2018-12-20,10.57,leverage_liquidation,Holiday 'Santa rally' driven by short covering and sentiment; some coverage also cited a Tether reserves report.,no,https://siliconangle.com/?p=463909,2018-12-20,medium
2019-02-24,-9.31,no_clear_catalyst,No source found for this date; a late-February one-day fall of about 8% is reported without a stated cause.,no,,,low
2019-04-02,18.45,leverage_liquidation,Spike driven by short liquidations and stop-loss triggers plus a large buy order; April Fools spoof article dismissed by experts.,no,https://www.cnbc.com/2019/04/02/bitcoin-spike-blamed-on-an-april-fools-joke-but-thats-not-why-it-rallied.html,2019-04-02,medium
2019-05-11,13.79,no_clear_catalyst,"Weekend surge of about 14%; Reuters reported no immediate news trigger, with traders pointing to a technical breakout.",no,https://www.business-standard.com/article/markets/bitcoin-over-8-000-reason-for-rally-eludes-cryptocurrency-market-119051400094_1.html,2019-05-14,medium
2019-05-13,11.98,no_clear_catalyst,Consolidation after the weekend surge; no immediate news trigger cited by traders.,no,https://www.business-standard.com/article/markets/bitcoin-over-8-000-reason-for-rally-eludes-cryptocurrency-market-119051400094_1.html,2019-05-14,low
2019-05-19,12.95,no_clear_catalyst,"Rebound from a $6,600 low on heavy buying; no single news trigger found in coverage.",no,https://coindesk.com/markets/2019/05/27/bitcoin-hits-new-2019-high-above-8900/,2019-05-27,low
2019-06-26,9.95,crypto_specific_news,Rose to an 18-month high as Facebook's Libra stablecoin plans and safe-haven demand revived interest.,no,https://www.businesslive.co.za/bd/markets/2019-06-26-bitcoin-soars-past-13600-as-facebooks-libra-fuels-demand/,2019-06-26,medium
2019-06-27,-13.67,no_clear_catalyst,No source found for this date.,no,,,low
2019-07-16,-13.25,no_clear_catalyst,Only headline evidence of crackdown fears from July 15; not confirmed for this date.,no,,,low
2019-09-24,-11.83,leverage_liquidation,"Dropped near $8,000 with reported BitMEX long liquidations; hashrate and CME expiry theories were unconfirmed.",no,https://siliconangle.com/?p=491545,2019-09-24,low
2019-10-23,-6.92,leverage_liquidation,"Fell to a five-month low near $7,450; about $205M of BitMEX perpetual longs liquidated, per The Block.",no,https://www.theblock.co/linked/44308/,2019-10-23,medium
2019-10-25,16.51,regulation,Rallied after President Xi urged wider blockchain adoption in a Politburo speech.,no,https://coindesk-coindesk-prod.cdn.arcpublishing.com/markets/2019/10/25/bitcoin-jumps-12-as-chinas-xi-embraces-blockchain-boosting-crypto-sentiment/,2019-10-25,high
2019-12-18,10.2,no_clear_catalyst,Rebound after mid-December losses; sources give no specific cause for this day.,no,https://thenextweb.com/news/satoshi-nakaboto-wake-up-and-smell-the-hopium-bitcoin-is-up-9-5,2019-12-19,low
2020-01-14,8.74,crypto_specific_news,Technical breakout from a weeks-long downward channel; sources also cited the CME bitcoin options launch.,no,https://www.bloomberg.com/news/articles/2020-01-14/bitcoin-rises-to-november-high-on-renewed-crypto-enthusiasm,2020-01-14,medium
2020-03-08,-9.67,equity_market_risk_off,Weekend sell-off as an oil price war after failed OPEC talks and coronavirus fears hit markets.,no,https://www.cnbc.com/2020/03/09/bitcoin-btc-and-other-cryptocurrency-prices-plunge-after-oil-drop.html,2020-03-09,medium
2020-03-12,-38.98,leverage_liquidation,Black Thursday crash alongside the worst S&P 500 day since 1987; derivatives liquidation cascades amplified the fall.,no,https://fortune.com/crypto/2020/03/12/bitcoin-coronavirus-crash-cryptocurrencies,2020-03-12,medium
2020-07-27,11.08,no_clear_catalyst,"Jump back above $10,000 and $11,000 after months of low volatility; no single news trigger cited.",no,,,low
2020-08-02,-6.31,no_clear_catalyst,No source found for this date.,no,,,low
2020-09-03,-10.86,no_clear_catalyst,"Fell after about 90,000 BTC moved from large holders to exchanges; technical selling and stock weakness were cited.",no,https://beincrypto.com/cryptocurrency-news-roundup-for-sept-3-2020/,2020-09-03,low
2020-10-21,7.39,etf_institutional,"PayPal announced users could buy, sell and pay with bitcoin through PayPal and Venmo.",no,https://fortune.com/2020/10/22/bitcoin-price-high-record-paypal-cryptocurrency,2020-10-22,high
2020-11-05,10.2,other,Rally during US election-count uncertainty; coverage describes election limbo but identifies no single trigger.,unknown,,,low
2020-11-07,-4.87,no_clear_catalyst,No source found for this date.,no,,,low
2020-11-17,5.72,no_clear_catalyst,"Broke above $17,000 on heavy volume; coverage cites stimulus and adoption expectations, with no single trigger.",no,https://gigazine.net/gsc_news/en/20201118-bitcoin-market-capitalization-all-time-high,2020-11-18,low
2020-11-26,-8.39,no_clear_catalyst,"Fell about 5.7% to $17,658 in Reuters coverage; no specific trigger reported.",no,https://mettisglobal.news/bitcoin-falls-6-in-asian-trade,2020-11-26,low
2020-11-30,8.29,no_clear_catalyst,"Set a record near $19,800 during a month-end run; no single news trigger found.",no,https://decrypt.co/51628/bitcoin-price-jumps-above-19700-in-sudden-spike?amp=1,,low
2020-12-16,9.93,no_clear_catalyst,"Crossed $20,000 amid heavy institutional buying such as Grayscale accumulation; no confirmed trigger.",no,https://fortune.com/2020/12/16/20000-bitcoin-caps-grayscales-incredible-year,2020-12-16,low
2021-01-02,9.57,no_clear_catalyst,"Crossed $30,000; coverage suggests institutional return, adoption narrative and PayPal news, none confirmed as trigger.",no,https://www.businesstoday.in/amp/latest/trends/story/bitcoin-continues-rally-breaches-34000-mark-283347-2021-01-03,2021-01-03,low
2021-01-13,9.87,no_clear_catalyst,No source found for a 13 January catalyst; coverage describes a broader run-up.,no,,,low
2021-01-21,-13.18,crypto_specific_news,"Fell about 10% to a 10-day low on profit-taking, bubble and regulation fears, and a BitMEX double-spend scare.",no,https://dev.coindesk.com/it/markets/2021/01/21/bitcoin-slumps-to-31k-on-sell-off-in-us-and-europe,2021-01-21,medium
2021-02-08,19.45,etf_institutional,"Tesla disclosed a $1.5 billion bitcoin purchase in its annual SEC filing, driving a rally past $47,000.",no,https://thenextweb.com/hardfork/2021/02/08/tesla-buys-1-5b-of-bitcoin-pushing-its-price-to-record-breaking-levels/,2021-02-08,high
2021-04-26,10.07,no_clear_catalyst,Rebound from a seven-week low after JPMorgan caution and Turkish exchange collapses; no bounce catalyst cited.,no,https://fortune.com/crypto/2021/04/26/bitcoin-price-today-rally-going-up,2021-04-26,low
2021-05-05,8.03,no_clear_catalyst,No source found for this date.,no,,,low
2021-05-12,-13.0,crypto_specific_news,"Tesla's suspension of bitcoin vehicle purchases over mining energy use began a week-long sell-off, per reports.",no,https://ktvz.com/money/2021/05/19/bitcoin-plunges-below-40000-as-china-widens-its-crypto-crackdown/,2021-05-19,low
2021-05-19,-14.22,regulation,"China widened its crypto crackdown, barring financial and payment firms from crypto transactions; miners curtailed operations.",no,https://ktvz.com/money/2021/05/19/bitcoin-plunges-below-40000-as-china-widens-its-crypto-crackdown/,2021-05-19,high
2021-05-20,10.5,no_clear_catalyst,No specific May 20 catalyst found; the move followed the May 19 crash.,no,,,low
2021-05-24,11.91,no_clear_catalyst,No source found explaining the May 24 rally; coverage only covers nearby dates.,no,,,low
2021-09-07,-11.08,no_clear_catalyst,Reports cite a large Huobi-specific order and local China mining inspections; no single clear trigger found.,no,https://wublock.substack.com/p/china-crypto-news-of-the-week-sep,,low
2021-09-20,-8.91,equity_market_risk_off,Global stock sell-off on Evergrande default fears pulled bitcoin lower the same day.,no,https://www.business-standard.com/amp/article/markets/bitcoin-falls-below-45-000-as-global-stock-market-rout-infects-crypto-121092001081_1.html,2021-09-20,high
2021-10-01,9.9,no_clear_catalyst,"Sharp minutes-long spike; analysts gave no clear explanation, despite China's recent crypto ban.",no,https://www.bloomberg.com/news/articles/2021-10-01/crypto-fans-bask-in-light-of-the-bull-mood-as-bitcoin-bounces,2021-10-01,medium
2021-11-26,-8.82,equity_market_risk_off,Omicron variant reports triggered a risk-asset sell-off; bitcoin fell with stocks and liquidations rose.,no,https://www.euronews.com/2021/11/26/bitcoin-price-drops-8-amid-fears-of-covid-b-1-1-529-variant-discovered-in-south-africa-her,2021-11-26,medium
2021-12-04,-8.39,macro_fed,Omicron fears and expectations of faster Fed tapering hit risk assets; leveraged positions were liquidated.,no,https://www.euronews.com/2021/12/06/bitcoin-tumbles-5-after-a-weekend-cryptocurrency-crash-brought-on-by-investors-omicron-fea,2021-12-06,medium
2022-01-21,-10.41,no_clear_catalyst,No source found for January 21 2022; searches returned only nearby hawkish-Fed and risk-off coverage.,no,,,low
2022-02-04,11.41,no_clear_catalyst,"Rebound above $40,000 after a turbulent week in crypto and equities; no single trigger named.",no,https://www.theblock.co/linked/133049,2022-02-04,medium
2022-02-17,-7.62,geopolitical,Bloomberg tied the drop to fears of a Russian invasion of Ukraine weighing on global markets.,no,https://www.bloomberg.com/news/articles/2022-02-17/bitcoin-tests-42-000-level-as-russia-ukraine-tensions-weigh,2022-02-17,medium
2022-02-28,14.49,geopolitical,"Rebound after the Russia-Ukraine sell-off, as new Western sanctions on Russia were announced.",no,https://www.theblock.co/linked/135710,2022-02-28,medium
2022-03-04,-7.77,geopolitical,Attack on Zaporizhzhia nuclear plant cited; reported intraday declines were smaller than the recorded move.,no,https://www.bloomberg.com/news/articles/2022-03-04/bitcoin-falls-back-toward-40-000-on-report-of-nuclear-plant-hit,2022-03-04,low
2022-05-05,-7.94,macro_fed,Fed's 50bp hike (announced May 4) was followed by a sharp reversal with equities on May 5.,yes,https://fortune.com/2022/05/05/bitcoin-plummets-alongside-stocks-federal-reserve-decision/,2022-05-05,high
2022-05-09,-11.59,crypto_specific_news,Terra's UST stablecoin depeg and LUNA collapse triggered a broad crypto sell-off; Binance halted LUNA/UST withdrawals.,no,https://www.fxstreet.com/amp/cryptocurrencies/news/binance-halts-terras-luna-and-ust-withdrawals-after-brutal-crash-202205100751,2022-05-10,high
2022-06-13,-15.55,crypto_specific_news,Celsius Network paused withdrawals and transfers; the sell-off was also tied to Fed rate-hike fears.,no,https://www.click2houston.com/business/2022/06/13/bitcoin-plunges-as-major-crypto-lender-halts-operations/,2022-06-13,high
2022-06-16,-9.63,macro_fed,Fed's 75bp hike (June 15) and Three Arrows Capital insolvency fears weighed on crypto; causes overlap.,yes,https://www.cnbc.com/2022/06/18/bitcoin-sinks-below-20000-as-crypto-meltdown-intensifies.html,2022-06-18,medium
2022-08-19,-10.17,macro_fed,Late-August slide tied to hawkish Fed signals; no source confirms a specific August 19 trigger.,no,https://www.business-standard.com/amp/article/finance/bitcoin-hovers-around-20k-as-fed-chief-s-hawkish-comments-weigh-on-crypto-122082901065_1.html,2022-08-29,low
2022-09-09,10.6,no_clear_catalyst,Rebound coincided with a broad stock-market gain; no crypto-specific trigger reported.,no,https://business.sherbrookerecord.com/sherbrookerecord/news/read/42675102/bitcoin_rallies_10_to_2,,low
2022-09-13,-9.93,macro_data,August CPI (8.3% y/y) came in hotter than expected; bitcoin and stocks fell on the release.,yes,https://cointelegraph.com/markets/hot-cpi-report-puts-a-dent-in-bitcoin-and-ethereum-rally-stocks-also-lose-ground,2022-09-13,high
2022-11-08,-9.91,exchange_failure_hack,FTX liquidity crisis after the CoinDesk Alameda balance-sheet report and Binance's FTT sale; FTT fell about 80%.,no,https://fortune.com/2022/11/10/bitcoin-plunges-multi-year-low-cz-binance-pulls-out-deal-rescue-sam-bankman-fried-ftx-exchange,2022-11-10,high
2022-11-09,-14.41,exchange_failure_hack,"FTX halted withdrawals after a run; Binance dropped its rescue deal, sending bitcoin to multi-year lows.",no,https://www.clickorlando.com/business/2022/11/09/cryptocurrencies-slump-again-amid-fallout-from-ftx-sale/,2022-11-09,high
2022-11-10,10.54,macro_data,"Rebound after US October CPI cooled more than forecast, following the FTX-related sell-off.",yes,https://www.bloomberg.com/news/articles/2022-11-10/crypto-markets-pull-back-from-brink-in-respite-from-ftx-rout,2022-11-10,medium
2023-01-12,5.15,macro_data,"December CPI (-0.1% m/m, cooler than expected) lifted risk assets and bitcoin rallied.",yes,https://www.theblock.co/news/markets/2023-01-12-bitcoin-approaches-19000-rises-8-following-inflation-data-201321,2023-01-12,high
2023-01-13,5.72,macro_data,Continued rally after the prior day's softer CPI; no separate January 13 trigger identified.,yes,https://www.theblock.co/news/markets/2023-01-12-bitcoin-approaches-19000-rises-8-following-inflation-data-201321,2023-01-12,low
2023-01-14,5.16,no_clear_catalyst,General rally on hopes of cooling inflation and slower Fed hikes; no specific January 14 trigger found.,no,,,low
2023-01-20,7.55,no_clear_catalyst,"Rally above $23,000 with no single named trigger; part of broader January gains on easing-inflation hopes.",no,https://www.theblock.co/post/204408/bitcoin-briefly-hits-23000-remains-at-highest-point-since-august,2023-01-21,low
2023-02-09,-5.05,regulation,"SEC settlement with Kraken requiring it to end US staking; bitcoin fell below $22,000.",no,https://www.kitco.com/news/article/2023-02-09/bitcoin-hits-21700-low-sec-puts-halt-crypto-rally,2023-02-09,high
2023-02-15,9.55,macro_data,"Rally above $24,000 tied to inflation data and Fed-policy expectations; sources conflict on the data's direction.",yes,https://investing.com/analysis/bitcoin-above-24k-as-crypto-markets-recover-from-regulatory-assault-200635373,,low
2023-03-09,-6.16,other,"Silicon Valley Bank and Silvergate collapses, plus Circle's USDC reserve exposure, hit crypto; sharpest drop came March 10.",no,https://www.cnbc.com/2023/03/10/bitcoin-falls-below-20000-63-billion-wiped-off-cryptocurrency-market.html,2023-03-10,medium
2023-03-12,7.59,macro_fed,Fed and Treasury announced the Bank Term Funding Program after the SVB failure; bitcoin rebounded on backstop hopes.,no,https://www.tickmill.com/blog/crypto-weekly-outlook-13-03-2023,2023-03-13,medium
2023-03-13,9.13,macro_fed,"Bitcoin rebounded on Monday after the Fed/Treasury deposit backstop, which some called stealth QE.",no,https://www.tickmill.com/blog/crypto-weekly-outlook-13-03-2023,2023-03-13,medium
2023-03-17,9.64,macro_fed,"Continued surge after the Fed's emergency liquidity expansion was read as bullish; bitcoin passed $27,000.",no,https://www.theblock.co/news/business/2023-03-19-bitcoin-bulls-rampage-btc-surges-past-28000-for-first-time-since-june-221107,2023-03-19,medium
2023-05-28,4.47,other,"Rise to about $28,000 coincided with a reported US debt-ceiling deal; no bitcoin-specific trigger reported.",no,https://www.theblock.co/news/markets/2023-05-29-bitcoin-price-returns-to-28000-level-after-choppy-month-232434,2023-05-29,low
2023-06-05,-5.11,regulation,SEC charged Binance and CEO Changpeng Zhao with 13 counts; Coinbase shares fell about 9% that day.,no,https://www.cnbc.com/2023/06/05/bitcoin-drops-below-26000-after-sec-sues-crypto-exchange-binance.html,2023-06-05,high
2023-06-06,5.82,no_clear_catalyst,Rebound after the SEC's Binance and Coinbase suits; no single trigger identified in sources.,no,https://www.lmaxdigital.com/kpi/june-2023,,low
2023-06-20,5.49,etf_institutional,Rally tied to BlackRock's spot bitcoin ETF filing (June 15) and ETF optimism; daily figures approximate.,no,https://www.bloomberg.com/news/articles/2023-06-22/bitcoin-btc-surge-sparked-by-etf-optimism-pauses-around-30-000-mark,2023-06-22,medium
2023-06-21,5.98,etf_institutional,Bitcoin hit its highest level in over a month on ETF news following BlackRock's spot ETF filing.,no,https://www.cnbc.com/2023/06/21/bitcoin-rallies-to-highest-level-in-over-a-month-on-etf-news.html,2023-06-21,medium
2023-08-17,-7.17,crypto_specific_news,"Reports tied the drop to a WSJ report of SpaceX selling bitcoin, plus macro and ETF-timeline worries; causes contested.",no,https://www.cnbc.com/2023/08/18/bitcoin-heads-for-its-worst-week-since-may-after-sliding-to-26000.html,2023-08-18,low
2023-08-29,6.22,no_clear_catalyst,No source found for an August 29 2023 rally; searches returned unrelated dates.,no,,,low
2023-08-31,-5.01,no_clear_catalyst,No source found for an August 31 2023 drop; sources describe weak August trading broadly.,no,,,low
2023-10-16,4.95,etf_institutional,"Brief spike on a false report that BlackRock's bitcoin ETF was approved; liquidations followed, ETF optimism persisted.",no,https://www.cnbc.com/2023/10/23/bitcoin-trades-above-30000-to-start-the-week-as-hopes-grow-over-etf.html/,2023-10-23,medium
2023-10-23,10.24,etf_institutional,"Surge on spot bitcoin ETF optimism, including BlackRock's fund appearing on DTCC and a Grayscale court win.",no,https://www.bloomberg.com/news/articles/2023-10-23/bitcoin-rides-wave-of-etf-optimism-to-hit-highest-since-may-2022,2023-10-23,high
2023-11-15,6.5,etf_institutional,Broad November rally attributed to regulatory clarity and spot ETF hopes; no specific November 15 trigger found.,no,https://tastycrypto.com/?p=3232,,low
2023-11-16,-4.52,no_clear_catalyst,No source found for a November 16 2023 drop; searches returned 2025 coverage.,no,,,low
2023-12-11,-5.81,leverage_liquidation,"About $270M+ in long positions liquidated after a steep run-up; analysts called it deleveraging, not news-driven.",no,https://www.bnnbloomberg.ca/bitcoin-drops-below-41-000-as-part-of-a-wider-crypto-selloff-1.2009858,2023-12-11,high
2024-01-08,6.94,etf_institutional,Rally as spot bitcoin ETF applicants filed final amendments and approval was expected imminently.,yes,https://www.bloomberg.com/news/articles/2024-01-08/bitcoin-retakes-45-000-with-etf-applicants-making-final-push,2024-01-08,high
2024-01-12,-7.73,etf_institutional,Sell-the-news drop after spot bitcoin ETFs began trading; profit-taking and Grayscale share sales cited.,yes,https://www.kitco.com/news/article/2024-01-18/bitcoin-etf-launch-review,2024-01-18,medium
2024-02-26,5.42,etf_institutional,"Broke $54,000 amid spot bitcoin ETF inflows; Coinbase and MicroStrategy shares rose sharply.",no,https://dabafinance.com/en/news/bitcoin-rally-sees-crypto-cross-54k-for-the-first-time-since-2021,2024-02-26,medium
2024-02-28,9.54,no_clear_catalyst,No source found explaining this day's move; late-February 2024 gains were reported without a specific single-day trigger.,no,,,low
2024-03-04,8.26,no_clear_catalyst,"Rally to a two-year high above $65,000; the cited Forklog report names no explicit trigger and reports $246M in 24h liquidations.",no,https://forklog.com/en/bitcoin-price-surges-past-66000/,2024-03-04,low
2024-03-05,-6.68,leverage_liquidation,"Drop below $64,000 with heavy long liquidations (reported $542M-$620M over 24h); no single news trigger identified.",no,https://cryptoslate.com/insights/500-million-liquidated-as-bitcoin-breaks-below-64k/,,low
2024-03-16,-6.14,leverage_liquidation,"Sell-off below $68,000 on March 15 with long liquidations; the source dates this move one day earlier than this row.",no,https://www.theblock.co/news/markets/2024-03-15-bitcoin-price-falls-below-68000-volatility-causes-spike-in-long-liquidations-282750,2024-03-15,low
2024-03-19,-8.45,leverage_liquidation,"Fell below $64,000 on volatility and long liquidations; The Block attributes the drop to price swings forcing leveraged longs out.",no,https://www.theblock.co/post/283293/bitcoin-price-falls-below-64000-volatility-causes-spike-in-long-liquidations,2024-03-19,medium
2024-03-20,9.65,no_clear_catalyst,"No source confirmed a rally on this date; nearby reports describe a March 20 drop citing a Bank of Japan hike, conflicting with this row.",no,,,low
2024-05-15,7.64,macro_data,"Weak US economic data raised odds of summer Fed rate cuts, lifting risk assets and bitcoin above $66,000.",unknown,https://www.odaily.news/en/newsflash/369831,2024-05-16,medium
2024-05-20,7.73,no_clear_catalyst,"No cause found for this day; a French report notes a gain of about 7.8% above $70,000 without explaining it.",no,,,low
2024-07-04,-5.15,exchange_failure_hack,"Defunct exchange Mt. Gox moved about 47,229 BTC (roughly $2.7B) to new wallets, fueling fears of creditor sales.",no,https://www.theblock.co/post/303594/bitcoin-dips-mt-gox-moves-btc,2024-07-04,high
2024-07-15,6.49,other,"Rally after the July 13 assassination attempt on Trump, seen as raising his election odds and boosting crypto sentiment.",no,https://www.bnnbloomberg.ca/investing/2024/07/14/bitcoin-rises-as-trump-shooting-seen-increasing-re-election-odds,2024-07-14,medium
2024-08-02,-5.93,macro_data,Sell-off amid conflicting US economic reports that lowered Fed rate-cut odds; yen-carry unwind concerns also cited.,unknown,https://www.nasdaq.com/articles/why-stocks-bitcoin-ties-crashed-august,,low
2024-08-05,-7.1,macro_fed,"Bank of Japan rate hike and yen-carry-trade unwind forced leveraged selling; bitcoin fell toward $50,000 and over $1B was liquidated.",no,https://coindesk.com/markets/2024/08/05/bitcoin-drops-15-against-japanese-yen-outpacing-declines-versus-usd-as-yen-carry-trades-unwind,2024-08-05,high
2024-08-08,11.9,no_clear_catalyst,Rebound from the August 5 crash; sources describe a choppy bounce and cite no specific trigger.,no,,,low
2024-10-14,5.12,other,"Rally to about $66,400 on Chinese stimulus hopes, rate-cut expectations and 'Uptober' momentum; no single trigger named.",no,https://www.fxstreet.com/cryptocurrencies/news/crypto-stocks-see-price-rally-as-bitcoin-tops-66k-202410150705,2024-10-15,medium
2024-11-06,9.01,regulation,"Record near $75,000 as traders priced in a Trump win and friendlier US crypto policy; the US election was held November 5.",yes,https://www.business-standard.com/amp/markets/cryptocurrency/bitcoin-hits-record-high-as-traders-bet-on-trump-s-win-in-election-124110600280_1.html,2024-11-06,high
2024-11-11,10.38,other,"Post-election rally past $85,000 on expectations of crypto-friendly US policy and ETF inflows.",no,https://benzinga.com/z/42394913,,medium
2025-02-24,-4.89,equity_market_risk_off,Risk-off selling on Trump tariff uncertainty pushed bitcoin to a yearly low; the cited report is dated the following day.,no,https://www.theblock.co/post/343197/bitcoin-drops-to-yearly-low-in-crypto-sell-off-as-trump-tariff-uncertainty-hits-markets,2025-02-25,low
2025-02-26,-5.09,equity_market_risk_off,"Fourth straight daily loss on tariff worries, weak sentiment and ETF outflows; the source reports a 3.6% move, not 5%.",no,https://www.markets.com/zh/news/why-is-bitcoin-dropping-tariffs-etf-outflows-2025/,,low
2025-03-02,9.58,regulation,"Trump's post on a US strategic crypto reserve naming BTC, ETH, XRP, SOL and ADA sparked a sharp rally; reported size varies by outlet.",no,https://profit.pakistantoday.com.pk/2025/03/03/bitcoin-surges-20-as-trump-proposes-u-s-strategic-crypto-reserve,2025-03-03,high
2025-03-03,-8.61,equity_market_risk_off,Broad risk-off selloff as US stocks fell on 25% tariffs on Canada and Mexico; the reserve news did not offset it.,no,https://www.xtb.com/en/market-analysis/crypto-related-stocks-fall-as-bitcoin-retreats-amid-tariff-concerns,,low
2025-03-09,-6.36,equity_market_risk_off,Tariff-related risk-off selling in early March 2025; no source found confirming a cause for this specific day.,no,,,low
2025-04-06,-6.19,equity_market_risk_off,"Risk-off selling after the April 2 'Liberation Day' tariffs; sources report a dip to about $81,000 in this period.",no,https://benzinga.com/personal-finance/25/04/44703777/bitcoin-falls-to-81k-after-trumps-tariffs-is-a-violent-reversal-coming,,low
2025-04-09,8.33,equity_market_risk_off,Trump's 90-day pause on reciprocal tariffs (China excluded) triggered a broad risk-on rally; intraday gains of 5-8% reported.,no,https://www.theblock.co/post/350257/crypto-reel-china-europe-tariff-us,2025-04-09,high
2025-05-08,6.4,no_clear_catalyst,"Crossed $100,000 with no clear catalyst in sources; one machine-written report and a blog cite general trade-deal optimism.",no,https://thedefiant.io/news/markets/bitcoin-surpasses-100000-on-8-first-time-since-february-7-2025-e41325e0,,low
2025-06-23,4.4,geopolitical,"Trump announced an Israel-Iran ceasefire ending the 12-day war; bitcoin rebounded from lows near $99,000.",no,https://www.fxstreet.com/cryptocurrencies/news/bitcoin-crypto-market-begin-recovery-as-israel-and-iran-agree-to-a-ceasefire-202506240040,2025-06-24,medium
2025-07-10,4.26,no_clear_catalyst,No single-day cause found; coverage cites general ETF demand and corporate buying without a July 10 trigger.,no,,,low
2025-08-14,-4.03,no_clear_catalyst,No source found for this day's drop; coverage describes a liquidation-driven slide after the mid-August record high.,no,,,low
2025-08-22,3.93,macro_fed,"Powell's Jackson Hole remarks read as dovish with rate-cut hints; bitcoin rose from about $112,000 to above $116,000.",yes,https://www.theblock.co/news/markets/2025-08-22-bitcoin-steady-jerome-powell-jackson-hole-367896,2025-08-22,high
2025-08-29,-3.75,leverage_liquidation,"Fell below $108,000 with about $530M liquidated; sources cite trade-deficit and macro worries plus liquidation hunting.",no,,,low
2025-09-25,-3.81,no_clear_catalyst,No single-day trigger found; coverage notes weak September seasonality and macro headwinds ahead of the Fed meeting.,no,,,low
2025-10-01,4.04,no_clear_catalyst,No single-day trigger found; early-October coverage describes ETF-driven gains toward record highs.,no,,,low
2025-10-10,-7.15,geopolitical,Trump announced an extra 100% tariff on Chinese imports; leveraged positions were liquidated in a record crypto sell-off.,no,https://www.theblock.co/post/374266/crypto-liquidations-near-10-billion-in-historic-drawdown-following-trumps-100-tariffs-on-china,2025-10-10,high
2025-11-04,-4.77,no_clear_catalyst,No single-day cause found; the November slide is attributed generally to ETF outflows and forced leveraged selling.,no,,,low
2025-11-14,-5.13,leverage_liquidation,Long liquidations of about $539M in a sell-off; observers noted no obvious news catalyst.,no,,,low
2025-11-20,-5.41,equity_market_risk_off,"Fell to a seven-month low near $88,500 on risk-off selling and ETF outflows; Nvidia's forecast later steadied prices.",no,https://news.bgov.com/international-trade/crypto-world-wipes-out-1-trillion-as-bitcoin-plunges-anew,,low
2025-12-02,5.8,no_clear_catalyst,No single-day cause found; early-December coverage cites rate-cut odds and institutional inflows in general terms.,no,,,low
2026-01-13,4.57,no_clear_catalyst,"Rally to about $96,000; coverage cites macro easing and institutional buying in general terms without a specific trigger.",no,,,low
2026-01-20,-4.59,geopolitical,"Trump's tariff threat against several European countries over Greenland weighed on risk assets, including bitcoin; the day's size is unconfirmed.",no,https://cointelegraph.com/magazine/bitcoin-offers-no-haven-trump-greenland,2026-01-22,low
2026-01-29,-5.2,macro_fed,Reports that Trump would nominate hawkish Kevin Warsh as Fed chair triggered a crypto sell-off; spot ETF outflows of about $818M.,no,https://fxempire.com/forecasts/article/crypto-crash-today-is-kevin-warsh-good-for-bitcoin-btc-1576370,2026-01-30,medium
2026-01-31,-6.53,leverage_liquidation,"Fell below $84,000 on ETF outflows and about $948M in liquidations; no single news trigger identified.",no,,,low
2026-02-05,-13.98,regulation,"Sharp plunge as a Trump-backed crypto market-structure bill stalled in the Senate, amid leverage and macro pressure.",no,https://hollywoodlife.com/2026/02/05/why-is-bitcoin-dropping-in-price/amp/,2026-02-05,low
2026-02-06,12.32,leverage_liquidation,Rebound after forced deleveraging; analysts cited short-covering and a stronger-than-expected consumer sentiment reading.,no,,,low
2026-06-02,-6.51,crypto_specific_news,Slide attributed to Strategy's surprise sale and ETF outflows; a CoinDesk headline argues AI-stock rotation mattered more.,no,https://www.coindesk.com/daybook-us/2026/06/02/bitcoin-s-slide-may-have-more-to-do-with-ai-than-strategy,2026-06-02,low
2026-06-05,-4.34,crypto_specific_news,"Fell below $60,000 on Strategy's surprise sell-off and risk-off sentiment; reported intraday slide near 6%.",no,https://www.wam.ae/en/article/179bklw-bitcoin-drops-below-60000-for-first-time-since,,low
2026-08-19,7.13,other,Treasury plan to double long-bond buybacks plus a short squeeze lifted bitcoin; sources disagree on the weight of each.,no,https://www.outlookmoney.com/invest/bitcoins-august-rally-was-among-its-strongest-weekly-gains-since-2020-says-binance-report,2026-09-08,low
2026-08-20,5.35,other,Rally on Treasury bond-buyback expansion and a short squeeze; Bernstein called the buyback plan the strong trigger.,no,https://www.spotedcrypto.com/bitcoin-august-rally-short-squeeze-2026/,,low
2026-08-21,7.28,regulation,"Gain of about 7.5% amid SEC crypto proposal news, CLARITY Act optimism, $517M in ETF inflows and a short squeeze.",no,https://hashrateindex.com/blog/luxor-hashrate-lookback-series-august-2026/,,low
2026-09-03,5.13,macro_fed,Bitcoin rose about 5% as Treasury yields fell and traders grew less worried about a Fed hike after Governor Waller's comments.,no,https://images.finanzen.ch/nachrichten/devisen/why-is-bitcoin-up-today-15917597,2026-09-03,medium
2026-09-18,5.92,macro_fed,FOMC raised rates for the first time since 2023 around this date; sources conflict on the day's move and cite a gain of about 1.75%.,yes,https://www.kucoin.com/news/flash/bitcoin-slips-after-fed-s-first-rate-hike-since-2023,,low
2026-09-21,6.7,etf_institutional,"About $999M in net spot ETF inflows and a short squeeze pushed bitcoin above $87,000.",no,https://www.digitaltoday.co.kr/en/view/106759/bitcoin-breaks-september-curse-strongest-rise-in-14-years,2026-09-23,medium
