date,ret_pct,z
2017-10-12,12.92,2.54
2017-11-15,10.36,2.31
2017-12-06,16.67,3.76
2017-12-07,21.85,4.42
2018-01-16,-16.32,-2.79
2018-02-05,-16.08,-2.45
2018-04-12,14.16,2.63
2018-06-10,-9.5,-2.78
2018-06-22,-9.94,-3.11
2018-07-17,8.77,2.56
2018-07-24,8.86,2.55
2018-09-05,-9.26,-3.16
2018-10-11,-5.6,-2.6
2018-11-14,-10.62,-7.61
2018-11-19,-14.82,-8.0
2018-11-20,-8.1,-2.97
2018-11-24,-11.72,-4.01
2018-11-28,11.91,3.19
2018-12-20,10.57,2.25
2019-02-24,-9.31,-3.36
2019-04-02,18.45,7.76
2019-05-11,13.79,4.55
2019-05-13,11.98,3.45
2019-05-19,12.95,3.24
2019-06-26,9.95,2.35
2019-06-27,-13.67,-3.53
2019-07-16,-13.25,-2.7
2019-09-24,-11.83,-4.42
2019-10-23,-6.92,-2.68
2019-10-25,16.51,5.46
2019-12-18,10.2,2.89
2020-01-14,8.74,2.84
2020-03-08,-9.67,-3.59
2020-03-12,-38.98,-16.31
2020-07-27,11.08,4.77
2020-08-02,-6.31,-3.03
2020-09-03,-10.86,-4.72
2020-10-21,7.39,3.04
2020-11-05,10.2,5.16
2020-11-07,-4.87,-2.24
2020-11-17,5.72,2.27
2020-11-26,-8.39,-3.6
2020-11-30,8.29,2.89
2020-12-16,9.93,3.0
2021-01-02,9.57,2.6
2021-01-13,9.87,2.37
2021-01-21,-13.18,-3.37
2021-02-08,19.45,3.86
2021-04-26,10.07,2.87
2021-05-05,8.03,2.22
2021-05-12,-13.0,-3.91
2021-05-19,-14.22,-3.93
2021-05-20,10.5,2.29
2021-05-24,11.91,2.39
2021-09-07,-11.08,-3.8
2021-09-20,-8.91,-2.79
2021-10-01,9.9,2.58
2021-11-26,-8.82,-2.81
2021-12-04,-8.39,-2.64
2022-01-21,-10.41,-3.56
2022-02-04,11.41,3.7
2022-02-17,-7.62,-2.62
2022-02-28,14.49,4.29
2022-03-04,-7.77,-2.23
2022-05-05,-7.94,-2.93
2022-05-09,-11.59,-4.32
2022-06-13,-15.55,-4.68
2022-06-16,-9.63,-2.43
2022-08-19,-10.17,-3.92
2022-09-09,10.6,3.35
2022-09-13,-9.93,-3.31
2022-11-08,-9.91,-3.95
2022-11-09,-14.41,-5.86
2022-11-10,10.54,3.04
2023-01-12,5.15,3.19
2023-01-13,5.72,3.37
2023-01-14,5.16,2.83
2023-01-20,7.55,3.9
2023-02-09,-5.05,-2.54
2023-02-15,9.55,4.5
2023-03-09,-6.16,-2.43
2023-03-12,7.59,2.64
2023-03-13,9.13,3.02
2023-03-17,9.64,3.14
2023-05-28,4.47,2.27
2023-06-05,-5.11,-2.69
2023-06-06,5.82,2.74
2023-06-20,5.49,2.62
2023-06-21,5.98,2.76
2023-08-17,-7.17,-4.71
2023-08-29,6.22,4.12
2023-08-31,-5.01,-3.05
2023-10-16,4.95,2.61
2023-10-23,10.24,5.68
2023-11-15,6.5,3.34
2023-11-16,-4.52,-2.28
2023-12-11,-5.81,-2.57
2024-01-08,6.94,2.74
2024-01-12,-7.73,-3.12
2024-02-26,5.42,2.23
2024-02-28,9.54,3.68
2024-03-04,8.26,3.04
2024-03-05,-6.68,-2.5
2024-03-16,-6.14,-2.38
2024-03-19,-8.45,-3.14
2024-03-20,9.65,2.99
2024-05-15,7.64,2.25
2024-05-20,7.73,2.64
2024-07-04,-5.15,-2.42
2024-07-15,6.49,2.99
2024-08-02,-5.93,-2.87
2024-08-05,-7.1,-3.21
2024-08-08,11.9,4.47
2024-10-14,5.12,2.24
2024-11-06,9.01,4.46
2024-11-11,10.38,4.44
2025-02-24,-4.89,-2.47
2025-02-26,-5.09,-2.47
2025-03-02,9.58,4.13
2025-03-03,-8.61,-3.58
2025-03-09,-6.36,-2.44
2025-04-06,-6.19,-2.25
2025-04-09,8.33,2.68
2025-05-08,6.4,2.3
2025-06-23,4.4,2.53
2025-07-10,4.26,2.59
2025-08-14,-4.03,-2.92
2025-08-22,3.93,2.5
2025-08-29,-3.75,-2.37
2025-09-25,-3.81,-2.54
2025-10-01,4.04,2.47
2025-10-10,-7.15,-4.37
2025-11-04,-4.77,-2.56
2025-11-14,-5.13,-2.49
2025-11-20,-5.41,-2.49
2025-12-02,5.8,2.44
2026-01-13,4.57,2.26
2026-01-20,-4.59,-2.61
2026-01-29,-5.2,-2.89
2026-01-31,-6.53,-3.6
2026-02-05,-13.98,-7.52
2026-02-06,12.32,4.22
2026-06-02,-6.51,-3.93
2026-06-05,-4.34,-2.26
2026-08-19,7.13,4.67
2026-08-20,5.35,3.04
2026-08-21,7.28,3.86
2026-09-03,5.13,2.58
2026-09-18,5.92,2.85
2026-09-21,6.7,3.05
