hour,n,factor_mean,factor_min,factor_max,med_RV_over_raw_med,QLIKE_raw_med,med_RV_over_raw_mean,QLIKE_raw_mean,med_RV_over_served,QLIKE_served
0,831,0.9840216303905037,0.9077961262559466,1.0654293214753041,0.9979530983419036,0.2539770537031775,0.8418058735125843,0.22220067960828455,0.8569015384290892,0.21710620127123684
1,831,0.9910806632732446,0.9132612957904329,1.0638235829101985,0.9995978637401128,0.2358742839644165,0.8414250569832692,0.2127411733322018,0.8466927859655135,0.20891372012455084
2,831,0.9961704897717337,0.9204830132186528,1.0755598902947547,1.000933450500621,0.22672919220010296,0.8317534951874046,0.21074296911377108,0.8388571273857787,0.20862951732742233
3,831,0.9954329190116907,0.9206552466149165,1.0786162351058697,1.0086916310071914,0.2298659305389554,0.8360660760780269,0.20942110236045808,0.8432320544223819,0.2072398091977421
4,831,0.9893427698386695,0.9216561804709369,1.0712911534143008,1.0246203887091845,0.23719134106963516,0.8569869077822208,0.20173794383906388,0.8667099018989485,0.19820500110359157
5,831,0.9855822729251329,0.9128205634077866,1.069826634024726,1.030787547330337,0.239520772612471,0.8624420131222692,0.1971704418831184,0.8766143289122165,0.19343751657628536
6,831,0.9840988380349727,0.9077961262559466,1.0695826041659093,1.0467263102942501,0.25164067030155807,0.873185761773926,0.19511188060758472,0.8903161909870512,0.19177484860373162
7,831,0.9910782642371125,0.9126830735787667,1.0642043423245973,1.0726516760069027,0.25785221763133936,0.8910311939548968,0.19041437606660486,0.8959022159224669,0.18805873290511801
8,831,0.9962068790333277,0.9165492761238585,1.0755598902947547,1.082072488114084,0.257859961700801,0.8903412329193042,0.18520623364668062,0.8947596614370328,0.18333356686032387
9,831,0.9953982025843394,0.9186120891261955,1.0786162351058697,1.072892942837094,0.25812415541489403,0.878598953869147,0.19024552238433096,0.8856041922185534,0.18745439331295474
10,831,0.9894719258363124,0.9216561804709369,1.0712911534143008,1.06475369378002,0.25458358065966835,0.8763732858413507,0.1906201045533124,0.8821954385507208,0.18738928188802326
11,831,0.985599812905158,0.9095524492415512,1.069826634024726,1.059310788824,0.25425753170833604,0.8678967161844183,0.192956204557751,0.8798187892555139,0.18944011335268202
12,831,0.9841532740608245,0.9063021874595502,1.0695826041659093,1.0517495937351515,0.25781930763890304,0.855632134380533,0.1973040199290075,0.8766365683913417,0.1937430379160359
13,831,0.9910342458320426,0.912350760476783,1.0642043423245973,1.0358169494005904,0.25181377789974185,0.8406074547736315,0.20542129049277147,0.8449740978657869,0.20168217939131602
14,831,0.9962443194140005,0.913998076547349,1.0755598902947547,0.9823972143247289,0.23934310529694236,0.8034018297633776,0.22371998101052984,0.8047680356330001,0.22065798046972843
15,831,0.9954851221441233,0.9174176766600464,1.0786162351058697,0.9227239770122574,0.23111856226239794,0.7470609500258956,0.25949130254950115,0.7516504893995494,0.25506604669500793
16,831,0.9894853246954326,0.9216561804709369,1.0712911534143008,0.8755246002420624,0.2279122857633549,0.7105250047242966,0.28540618989708866,0.7147811374385651,0.2777765759786888
17,831,0.9856735045977685,0.9095524492415512,1.069826634024726,0.8527267719804842,0.24311658048521712,0.691662631253231,0.3102882747870218,0.7051041333289442,0.29958729975606496
18,831,0.9841345390591183,0.9063021874595502,1.0695826041659093,0.8344835136952542,0.25298564781361704,0.6825064727560011,0.32149518699821783,0.6993905994193953,0.310076646614462
19,831,0.991064795479368,0.9126830735787667,1.0642043423245973,0.8646256307679865,0.2609029792956008,0.7121474430491608,0.3116301011356464,0.7118460257343436,0.30537247529639877
20,831,0.9962018306229947,0.9165492761238585,1.0755598902947547,0.9004172719430753,0.27462165906920777,0.748041893894497,0.2884548555311647,0.7456048116190592,0.286094998639789
21,830,0.9954758796117773,0.9186120891261955,1.0786162351058697,0.931670914801607,0.2839923755551384,0.7799007848624508,0.2715999372862651,0.7829807368298217,0.2695974936835525
22,830,0.9893556614818653,0.9216561804709369,1.0704793067245122,0.9516831993444386,0.2808115911428227,0.800441636910376,0.25885372429783826,0.8089447904592881,0.2541584901921538
23,830,0.9856119391961244,0.9128205634077866,1.0680651188697987,0.9635840480139137,0.26572258895834283,0.8161974427330148,0.24446705068269128,0.8239755489917873,0.23929414046654146
