dt,row,pub_sigma,par_served,pub_sigma_pre_corr,par_raw_mean,raw_med,par_raw_med,cal_factor,cal_applied,cal_n,par_factor,pub_sigma_med_pct,pub_p_up,safe_05,rel_served,rel_raw_mean,rel_raw_med,fac_diff
2024-07-01 17:00:00+00:00,60604,0.02061,0.020605442515960238,0.020605442515926182,0.021411516363720642,0.016906546798901304,0.01756792183224865,0.9623532572797946,True,240,0.9623532572813851,0.01691,0.5103,4.354,0.0002211786539518812,-0.03764674272020552,-0.037646742720205406,-1.5905055050779993e-12
2024-08-14 17:00:00+00:00,61660,0.03352,0.033520587618106605,0.03352058761810738,0.03321495784000334,0.028353083623075308,0.028094569459928453,1.0092015705567432,True,240,1.0092015705567199,0.02835,0.5093,7.038,-1.7530065800075434e-05,0.0092015705567432,0.0092015705567432,2.3314683517128287e-14
2024-09-26 17:00:00+00:00,62692,0.022799999999999997,0.022804016122561103,0.022804016122556482,0.02303371385768402,0.01863532679032295,0.018823034619246323,0.9900277594596015,True,240,0.9900277594598021,0.01864,0.4991,4.61,-0.00017611470451173172,-0.00997224054039858,-0.00997224054039858,-2.0061730054976579e-13
2024-11-09 17:00:00+00:00,63748,0.01699,0.016990155156651917,0.01699015515661948,0.017345330029890468,0.014525364209884876,0.014829013255164537,0.9795233141912589,True,240,0.9795233141931291,0.014530000000000001,0.5317,3.636,-9.132150382673565e-06,-0.020476685808740958,-0.02047668580874107,-1.870170684981076e-12
2024-12-23 17:00:00+00:00,64804,0.03678,0.036776863146276054,0.03677686314630825,0.03661912472375248,0.030635045387799074,0.030503649631854046,1.0043075421312149,True,240,1.0043075421303356,0.03064,0.5117,7.948,8.529421640646184e-05,0.00430754213121487,0.00430754213121487,8.79296635503124e-13
2025-02-04 17:00:00+00:00,65836,0.03448,0.034482478964682525,0.034482478964647297,0.03447427019111972,0.02963458536344072,0.02962753066183178,1.0002381130472688,True,240,1.0002381130482907,0.02963,0.5037,7.353,-7.189055882750317e-05,0.00023811304726883975,0.00023811304726883975,-1.021849271864994e-12
2025-03-20 17:00:00+00:00,66892,0.02603,0.026034846173462498,0.026034846173455816,0.027129515860745024,0.022473211306042715,0.023418127324707428,0.9596502313971206,True,240,0.9596502313973669,0.02247,0.481,5.28,-0.00018614181279230646,-0.04034976860287942,-0.04034976860287942,-2.4635848916432224e-13
2025-05-03 17:00:00+00:00,67948,0.01318,0.013183086073733077,0.013183086073755913,0.01419890750046419,0.010157063873115487,0.010939715450828785,0.9284577755947021,True,240,0.9284577755930938,0.01016,0.5213,2.767,-0.000234093422117998,-0.0715422244052979,-0.0715422244052979,1.6082690734720018e-12
2025-06-15 17:00:00+00:00,68980,0.01466,0.014660484117329734,0.014660484117334305,0.01570714832766452,0.01166643856337144,0.012499347190983489,0.9333638297356142,True,240,0.9333638297353232,0.01167,0.5073,3.174,-3.302191973064694e-05,-0.06663617026438584,-0.06663617026438595,2.9098945475425353e-13
2025-07-29 17:00:00+00:00,70036,0.021339999999999998,0.021337051678005835,0.021337051678038135,0.022016648765551403,0.015206518969845617,0.01569085514520199,0.9691325825855658,True,240,0.9691325825840984,0.01521,0.5075,4.676,0.00013817850932063003,-0.03086741741443444,-0.030867417414434217,1.4673817716470694e-12
2025-09-11 17:00:00+00:00,71092,0.01734,0.017340519270106707,0.017340519270114298,0.01754331770000904,0.01260269963349439,0.012750088973934308,0.9884401323989795,True,240,0.988440132398547,0.0126,0.5048,3.538,-2.9945476177295483e-05,-0.011559867601020346,-0.011559867601020901,4.32542890393961e-13
2025-10-25 17:00:00+00:00,72148,0.01375,0.013750162797474907,0.01375016279747871,0.014132486819489047,0.011778747745736763,0.012106256465358687,0.9729471517013479,True,240,0.9729471517010788,0.011779999999999999,0.4989,2.888,-1.18396761772388e-05,-0.027052848298652177,-0.027052848298651955,2.6911806116913795e-13
2025-12-07 17:00:00+00:00,73180,0.02194,0.021943468595900243,0.02194346859589085,0.021941612161636582,0.018938367182956016,0.01893676498258351,1.0000846079240029,True,240,1.0000846079244308,0.01894,0.4827,4.422,-0.00015806962719144835,8.460792400266648e-05,8.460792400288852e-05,-4.2787995369053533e-13
2026-01-20 17:00:00+00:00,74236,0.02402,0.024022447070888533,0.024022447070904267,0.024695234122419044,0.017826730566132112,0.018325996667555345,0.9727564011671386,True,240,0.9727564011665014,0.01783,0.5228,4.931,-0.00010186601228889813,-0.027243598832861426,-0.027243598832861426,6.371569938323773e-13
2026-03-05 17:00:00+00:00,75292,0.03273,0.032728543424297644,0.03272854342435483,0.030592380469321178,0.028145352899104834,0.026308330718194814,1.0698266340265952,True,240,1.069826634024726,0.028149999999999998,0.4956,6.506,4.4504751814722354e-05,0.06982663402659517,0.06982663402659517,1.8691714842589136e-12
2026-04-17 17:00:00+00:00,76324,0.02376,0.023764416675264126,0.023764416675258488,0.023057995631401245,0.019896446786641014,0.01930500501467855,1.0306367064661606,True,240,1.0306367064664046,0.0199,0.5017,4.625,-0.00018585245850877286,0.030636706466160124,0.030636706466160568,-2.440270208126094e-13
2026-05-31 17:00:00+00:00,77380,0.01547,0.015472260448721365,0.015472260448705952,0.016059526074081953,0.011074364896868897,0.01149470385434461,0.9634319454592266,True,240,0.9634319454601864,0.01107,0.5044,3.267,-0.0001460968634064974,-0.03656805454077339,-0.0365680545407735,-9.597878047884478e-13
2026-07-14 17:00:00+00:00,78436,0.01996,0.019964915424553097,0.01996491542456779,0.020726269015947266,0.016924221704000975,0.01756961972856699,0.9632662496663691,True,240,0.9632662496656602,0.01692,0.4956,4.115,-0.00024620312425938096,-0.03673375033363091,-0.0367337503336308,7.088774012231625e-13
2026-08-26 17:00:00+00:00,79468,0.02308,0.02308371542969214,0.02308371542968334,0.024308055368917118,0.019137517434627885,0.02015255450716379,0.9496323370729463,True,240,0.9496323370733083,0.01914,0.505,4.925,-0.0001609545787140121,-0.05036766292705386,-0.05036766292705375,-3.6204372833026355e-13
2026-10-09 17:00:00+00:00,80524,0.016579999999999998,0.01657993675833789,0.016579936758334274,0.016462207835530977,0.013529655465394842,0.013433585631893216,1.0071514661933254,True,240,1.007151466193545,0.01353,0.5022,3.248,3.814348813913071e-06,0.0071514661933254065,0.0071514661933254065,-2.1960211427085596e-13
