day,bn_16,assets_16,now_16,assets_vs_bn_%,now_vs_bn_%
2026-08-01,62932.32,62857.18,62857.18,-0.11939810895260639,-0.11939810895260639
2026-08-02,63180.36,63121.3,63121.3,-0.09347841639395504,-0.09347841639395504
2026-08-03,63776.46,63709.27,63709.27,-0.10535235100851414,-0.10535235100851414
2026-08-04,63950.93,63899.25,63899.25,-0.0808119600449908,-0.0808119600449908
2026-08-05,64661.99,64609.69,64609.69,-0.0808821380226532,-0.0808821380226532
2026-08-06,64757.99,64692.27,64692.27,-0.10148554641674634,-0.10148554641674634
2026-08-07,64814.0,64770.13,64770.13,-0.06768599376678619,-0.06768599376678619
2026-08-08,65086.45,65045.93,65045.93,-0.06225566150864781,-0.06225566150864781
2026-08-09,65232.14,65187.08,65187.08,-0.0690763786072246,-0.0690763786072246
2026-08-10,63904.65,63833.97,63833.97,-0.110602280115768,-0.110602280115768
2026-08-11,63512.59,63440.58,63440.58,-0.1133790953887992,-0.1133790953887992
2026-08-12,63492.12,63423.22,63423.22,-0.10851740341951688,-0.10851740341951688
2026-08-13,63160.13,63085.44,63085.44,-0.1182549814257694,-0.1182549814257694
2026-08-14,63133.48,63071.86,63071.86,-0.09760272996198749,-0.09760272996198749
2026-08-15,63096.63,,63029.67,,-0.10612294190671667
2026-08-16,63260.01,,63188.74,,-0.11266201190927028
2026-08-17,64115.76,,64061.82,,-0.08412908152379828
2026-08-18,64840.0,,64799.83,,-0.0619524984577402
2026-08-19,68465.27,,68463.41,,-0.002716705856853352
2026-08-20,72837.15,,72820.45,,-0.022927860302057734
2026-08-21,77486.01,,77438.7,,-0.06105618291610826
2026-08-22,77288.01,,77290.0,,0.0025747848857893274
2026-08-23,77429.88,,77404.59,,-0.03266180962698817
2026-08-24,79047.6,,79038.79,,-0.01114518340848969
2026-08-25,79156.02,,79154.11,,-0.0024129560834418307
2026-08-26,77991.3,,77985.52,,-0.007411083031050314
2026-08-27,80374.0,,80390.86,,0.020976932838978612
2026-08-28,77788.46,,77782.03,,-0.008266007580048917
2026-08-29,78027.17,,78017.21,,-0.012764784369334592
2026-08-30,79337.93,,79312.34,,-0.032254433661171866
2026-08-31,78639.57,,78607.77,,-0.04043765753043438
2026-09-01,77596.01,,77577.5,,-0.02385431931357651
2026-09-02,77171.5,,77134.79,,-0.0475693747044037
2026-09-03,80969.37,,80961.31,,-0.009954381514887256
2026-09-04,79745.73,,79745.0,,-0.000915409514712362
2026-09-05,80042.0,,80029.63,,-0.015454386447111279
2026-09-06,79682.0,,79674.23,,-0.009751261263524214
2026-09-07,79028.87,,79008.03,,-0.0263701100623015
2026-09-08,78735.89,,78721.78,,-0.017920671246618447
2026-09-09,78804.9,,78782.2,,-0.028805315405511234
2026-09-10,77200.01,,77166.01,,-0.044041445072351415
2026-09-11,77916.0,,77906.5,,-0.012192617690842678
2026-09-12,77358.01,,77342.95,,-0.0194679258165964
2026-09-13,77276.14,,77258.65,,-0.02263311806206536
2026-09-14,78769.42,,78762.61,,-0.008645487043068556
2026-09-15,76388.0,,76335.75,,-0.06840079593652959
2026-09-16,75768.0,,75706.12,,-0.08167036215817047
2026-09-17,76753.46,,76670.0,,-0.10873776895531373
2026-09-18,80846.74,,80824.21,,-0.027867542958437408
2026-09-19,81839.49,,81819.98,,-0.023839346994969368
2026-09-20,81334.01,,81295.84,,-0.04692993742715368
2026-09-21,85961.91,,85962.83,,0.0010702414592778098
2026-09-22,86421.13,,86447.39,,0.030386087291378594
2026-09-23,84038.0,,84026.5,,-0.013684285680282127
2026-09-24,84500.33,,84473.52,,-0.031727686743943107
2026-09-25,83742.22,,83732.18,,-0.011989173442028545
2026-09-26,84120.0,,84105.57,,-0.017154065620528236
2026-09-27,84426.0,,84416.6,,-0.011134010849733755
2026-09-28,83723.1,,83692.44,,-0.03662071757973839
2026-09-29,83061.27,,83036.28,,-0.030086224301661968
2026-09-30,84349.44,,84292.94,,-0.06698325442350272
2026-10-01,84202.01,,84154.26,,-0.056708860037901765
2026-10-02,85160.01,,85144.54,,-0.01816580340937568
2026-10-03,84868.03,,84857.61,,-0.012277886030820362
2026-10-04,85374.0,,85368.2,,-0.006793637407176423
2026-10-05,85300.0,,85297.79,,-0.0025908558030529605
2026-10-06,85587.22,,85590.0,,0.0032481484969260066
2026-10-07,83386.09,,83342.89,,-0.05180720189661425
2026-10-08,80953.84,,80892.45,,-0.07583333909793044
2026-10-09,82746.0,,82676.78,,-0.08365359050588328
2026-10-10,,,,,
